Type,Name,Age,Gender,MaturitySize,FurLength,Vaccinated,Dewormed,Sterilized,Health,Quantity,Fee,RescuerID,VideoAmt,Description,PetID,PhotoAmt,BreedName_x,BreedName_y,StateName_x,Gender_NA,MaturitySize_NA,ColorName_NA,ColorName_x_Brown,ColorName_x_Cream,ColorName_x_Golden,ColorName_x_Yellow,ColorName_y_Cream,ColorName_y_Golden,ColorName_y_Gray,ColorName_y_Yellow,ColorName_Golden,ColorName_Gray,ColorName_White,ColorName_Yellow,AdoptionSpeed_pred
2.0,Unknown,0.0625,1.0,2.0,1.0,2.0,1.0,2.0,1.0,0.1578947368421052,0.0,1984caa688fee1576d4b783ee6f44501,0.0,This little kitten is kind of shy can eat any kind of food n potty train.this little one need a hme,767b3b7d0,0.1,2.0,2.0,1.0,0.0,0.0,0.0,1.0,0.0,0.0,0.0,0.0,1.0,0.0,0.0,0.0,0.0,0.0,1.0,1
1.0,Fei Tut Tut,0.21875,1.0,2.0,2.0,2.0,1.0,2.0,1.0,0.0,0.0,dd4e471fd184fbb112238745f3bf8c75,2.0,"As his name suggested (in Cantonese), Fei Tut Tut is a plumb puppy! Fei Tut Tut is very vocal, inquisitive, playful and clumsy. He has just grown teeth and I feed him puree food and bottle milk. %. Adoption fee is for donation to PAWS. For interested adopter, you must agree to neuter him when he's older. Pls be aware that a dog life span is fr years. So you must include Fei Tut Tut in your future plans be it getting married, change of job or migration. A PET IS NOT A TOY! THEY DO FEEL SAD, UNWANTED, DEPRESS, FRUSTRATION etc. A dog need its exercise, discipline, love and attention. TQ Pls call for viewing.",c7338db23,0.1,15.0,15.0,0.0,0.0,0.0,0.0,0.0,0.0,0.0,0.0,0.0,0.0,0.0,0.0,0.0,0.0,1.0,0.0,3
1.0,Selampit 27,0.03125,3.0,2.0,2.0,2.0,2.0,2.0,1.0,0.0526315789473684,0.0,93b9bd02cfbd0944686ceee8798b9eec,0.0,"The puppy came from the stray dogs in front of my house, 3 black and brown,1 black and white and 1 golden brown. Right now no one fostering them and they now live under umbrella by the road side. I can't take them in as my baby have skin allergy to them. please call me at or whatsapp for adoption",0392c0c81,0.1333333333333333,3.0,3.0,0.0,0.0,0.0,0.0,0.0,0.0,0.0,0.0,0.0,0.0,0.0,0.0,0.0,0.0,1.0,0.0,4
2.0,2 Little Kittens,0.03125,2.0,2.0,1.0,2.0,2.0,2.0,1.0,0.0,0.0,fb29a34287766692ddd61aff38f86d2e,0.0,KITTENS FOR ADOPTION ○ 2 and half months old ○ 2 Females (the calicos). The black one has been adopted. ○ able to eat independently ○ toilet trained ○ the female calico on the left of the male is very sociable ○ the female calico on the right of the male is sweet and gentle.,e8ee34b59,0.3,2.0,2.0,1.0,0.0,0.0,0.0,0.0,0.0,0.0,0.0,0.0,0.0,0.0,1.0,0.0,0.0,1.0,0.0,1
1.0,"Rash, Hari & Ashok",0.03125,3.0,3.0,1.0,2.0,2.0,2.0,1.0,1.0,0.0666666666666666,31de822d0adce3e2dad7dcedfbee2ba8,1.0,"Meet Hari, Ashok and Rash. These three are always brimming with energy and playfulness. They don’t have much manners though. They can be verbally abusive if you are late to greet them or come without any treats for them. They have absolutely no respect for personal space of others. Always snooping into my bags and sometimes car to see what they can loot off with. But they are good problem solvers, if they see me looking really confused with biscuits in my hand (thinking in what order to give them out), they help me by snatching the whole pack and happily distributing that among themselves. But they wait for me every morning at the gate to greet me without fail and when I am leaving work they see me off. They follow my car for a short distance too. These caring boys never let me walk in the farm alone. I would love for them to be a part of some families. Location: Ulu Tiram, Johor. Text/Whatsapp",d2fae31e8,0.1666666666666666,15.0,15.0,3.0,1.0,0.0,1.0,1.0,0.0,0.0,0.0,1.0,0.0,0.0,0.0,0.0,0.0,1.0,0.0,2
1.0,More Puppiess,0.0625,3.0,2.0,1.0,2.0,2.0,2.0,1.0,0.0,0.1333333333333333,aa66486163b6cbc25ea62a34b11c9b91,0.0,"Smart charming puppies. Two males and two females. Toilet trained on grass. Active and alert. Vaccination and neutering are compulsory, cost to be borne by adopter. Please give them a good home.",112ae92e0,0.2666666666666666,3.0,95.0,0.0,0.0,0.0,0.0,0.0,0.0,0.0,0.0,0.0,0.0,0.0,0.0,0.0,0.0,1.0,0.0,2
2.0,Django,0.03125,1.0,2.0,3.0,2.0,2.0,2.0,1.0,0.0526315789473684,0.0,67a21e57fe3882811f288cc798798336,0.0,"My cat gave birth to 4 cute babies, giving then away bcoz I can't take care of them all.",fa07f7477,0.1,12.0,2.0,0.0,0.0,0.0,0.0,0.0,0.0,0.0,0.0,0.0,0.0,0.0,0.0,0.0,0.0,1.0,0.0,1
2.0,Jayden,0.125,2.0,1.0,1.0,2.0,2.0,2.0,1.0,0.3684210526315789,0.0,b83f8e5564176a40d05a6f395843ae85,0.0,"Momi kucing beranak di depan pintu rumah saya pada bulan puasa yg lalu (3/) sebanyak 5 ekor anak kucing yang comel-comel. Saya ingin mencari adopter untuk kucing ini: Jayden, 2 bulan Sekiranya anda ingin mengambil Jayden tinggal bersama & menjadi sebahagian dari keluarga anda, hubungi saya melalui sms/whatsapp - Haliza, tel: . Serious adopter only, please. Harap anda dapat fikirkan kebajikan si comel ini sebelum anda buat keputusan untuk adopt. Please send her to vet for health check up, deworm as well as vaccination. I strongly suggest adopter to spay Jayden. Lokasi Jayden ialah di Ampang. Anda diminta untuk mengambil Jayden sekiranya ingin adopt Jayden (self pick up). She is adorable!! ""ADOPT, DON'T BUY"" Terima Kasih.",2f3227612,0.1666666666666666,2.0,29.0,0.0,0.0,0.0,0.0,0.0,0.0,0.0,0.0,0.0,0.0,0.0,1.0,0.0,0.0,1.0,0.0,2
1.0,Fatty Puppies,0.53125,3.0,3.0,2.0,2.0,2.0,2.0,1.0,0.0,0.0,777a9ee434aea26c83b530c5af468fbe,0.0,"[Puppies and mummy dog for adoption] 5 weeks old mixed breed puppies with short foot. M1- Male M2- Male F1- Female Mummy- around 2 years old These cute little puppies are waiting for you to bring them home. Prefably if one of the puppy can be adopted together with the mummy dog because the mummy dog is very caring and emotionally attached to her puppies, it will be best if one of the puppies can stay together with her. You're welcome to come and have a look on the mummy dog before you make your decision. She is extremely friendly and hopefully a second chance can be given to her to get a forever home. Please try to help and share and see if there is any kind soul who is willing to adopt the puppies and the mummy dog. Thanks for your help! Interested please call or whatsapp Ms. Lam at. You can request for more pictures by contacting me.",00af25fc0,0.1333333333333333,3.0,82.0,0.0,0.0,0.0,0.0,0.0,0.0,0.0,0.0,0.0,0.0,0.0,0.0,0.0,0.0,1.0,0.0,4
2.0,Chopper,0.03125,2.0,2.0,1.0,2.0,2.0,2.0,1.0,0.2105263157894736,0.0,7e3f6ad780f52d2e8663d23fb12be333,1.0,"Hi, saya sedang mencari mereka yang sudi adopt kucing yang saya temui di kedai berhampiran dengan kawasan perumahan saya. Sementara ini, saya menamakannya 'Chopper'. Dia sangat aktif bermain bola loceng, toilet trained, makan friskies & whiskas, senang dimandikan & tak kacau barang dalam rumah. Sesiapa yang berminat dengan kucingi ni, sila hubungi saya sebelum 7 Feb kerana saya outstation pada 8 Feb. Terima kasih (=^.^=) meow~",7582d1ab2,0.1666666666666666,0.0,2.0,1.0,0.0,0.0,0.0,0.0,0.0,0.0,0.0,0.0,0.0,1.0,0.0,0.0,0.0,1.0,0.0,2
1.0,Scotty 11,0.03125,1.0,2.0,2.0,1.0,1.0,1.0,1.0,0.2631578947368421,0.02,4221952c89be5f248dede46d0f2bb9e6,0.0,Found by a friend at 3 mths. He could not keep the dog & requested me to help take care. We have neutered the dog & sent him for 10 training lessons. We allow this dog to come in the house as & when he likes. Due to my sinus & allergy problem we got to let him go to a good family.,72c626d6c,0.9666666666666668,19.0,102.0,0.0,0.0,0.0,0.0,0.0,0.0,0.0,0.0,0.0,1.0,0.0,0.0,0.0,0.0,1.0,0.0,4
2.0,Babies,0.09375,2.0,1.0,1.0,2.0,2.0,2.0,1.0,0.0,0.0,e7b489f2d8257dd417e72e25a0335446,0.0,"My cat just gave birth to 3 babies, anyone interested please feel free to adopt.",d56553e2d,0.1333333333333333,37.0,36.0,0.0,0.0,0.0,0.0,1.0,0.0,0.0,0.0,0.0,0.0,1.0,0.0,0.0,0.0,1.0,0.0,4
2.0,Longxyy,0.0,2.0,2.0,2.0,1.0,1.0,1.0,1.0,0.3684210526315789,0.0,1ebf3a87189651fd058a47bc889bd86e,1.0,"Found her 2 years ago, and also posted on petfinder then looked like it belonged to somebody because she was so affectionate. But until now nobody has claimed her so we decided to just temporarily take care of her. Anyway, we might not be able to take care of her in the future because we will be moving to somewhere smaller. So I'm starting to look for suitable owner now. Pls drop me a line if you are interested!",697c8c6c9,0.0666666666666666,29.0,1.0,0.0,0.0,0.0,0.0,0.0,0.0,0.0,0.0,0.0,0.0,0.0,0.0,0.0,0.0,1.0,0.0,2
1.0,Cutie,0.03125,1.0,2.0,1.0,2.0,2.0,2.0,1.0,0.3684210526315789,0.0,b770bac0ca797cf1433c48a35d30c4cb,0.0,Rescue from Bdr Damai Perdana area. He can eat and drink itself. Healthy and smart.,3e0ce6020,0.1,3.0,3.0,1.0,0.0,0.0,0.0,0.0,0.0,0.0,1.0,1.0,0.0,0.0,0.0,0.0,0.0,1.0,0.0,2
2.0,Comel Kecik,0.25,2.0,1.0,1.0,2.0,2.0,2.0,1.0,0.0,0.0,b990f8dcaa97abbc385bb78ff772ea84,0.0,Kitten comel. -comel kecik mencari tuan baru -sangat aktif dan suka main -sangat nakal. -diet wet food. -fee itu adalah untk beli makanan kucing yg lain.. Area Batu Caves.......,d11ac47cb,0.2,2.0,2.0,0.0,0.0,0.0,0.0,0.0,0.0,0.0,0.0,0.0,0.0,0.0,0.0,0.0,0.0,1.0,0.0,2
2.0,Lulu And Kids,0.28125,1.0,2.0,2.0,2.0,1.0,2.0,1.0,0.0,0.0,81b25679b1cc8f856d0913431f6df9f3,0.0,"1 Mama Cat and 2 Kittens to be Adopted. Pls adopt these lovely cats and give them new home. They are lovely cats, well behaved and well taken care off. Unfortunately, work commitment does not allow us to keep them.",2619f003d,0.1,0.0,1.0,0.0,1.0,0.0,1.0,0.0,0.0,0.0,0.0,0.0,0.0,1.0,0.0,0.0,0.0,1.0,0.0,2
1.0,Lucky,0.90625,1.0,2.0,1.0,1.0,1.0,2.0,1.0,0.0,0.0,e4b6abe44f55de9144633ea5f7e6e7e4,0.0,"Lucky's owner is an old uncle who can no longer care for him due to health and family concerns. Lucky is a beautiful mixed husky (mum) and a mixed breed rottweiler (dad). Both Lucky's doggy parents are deceased according to his owner. Lucky is very friendly and goofy, he is also very adorable and very healthy, strong and handsome. My toy poodle Jony has a big crush on him! Please adopt him and give him a good home if not the uncle would send him to some a farm in Kelantan his friend's place to guard against wild boars. I persuaded the uncle to give Lucky a chance to be re-homed to loving owners. Lucky is very sweet and a family dog that needs love and not to be let free in some hill farm in Kelantan. Please be kind and adopt him. We are in Penang, so please contact me if you want to be Lucky's new parents. Thank you!",0b110b315,0.0333333333333333,43.0,3.0,2.0,0.0,0.0,0.0,1.0,0.0,0.0,0.0,1.0,0.0,0.0,0.0,0.0,0.0,1.0,0.0,2
1.0,Little Frosty,0.0625,1.0,2.0,1.0,1.0,1.0,2.0,1.0,0.0,0.0,a042471e0f43f2cf707104a1a138a7df,0.0,Frosty is the only one left waiting to go to a good home. He is very adorable and do have a good temperament.You will never regret adopting him as he is very obediant. Visit www.everydoghasitsday09.blogspot.com for more puppies,faca11616,0.1,3.0,3.0,0.0,0.0,0.0,0.0,1.0,0.0,0.0,0.0,1.0,0.0,0.0,0.0,0.0,0.0,1.0,0.0,3
1.0,8 Brothers Huat For Adoption,0.125,1.0,2.0,1.0,2.0,2.0,2.0,1.0,0.0526315789473684,0.0,cebf7606a3760e5db9791cbeb18ef762,0.0,Thanks to petfinder!All puppies have been adopted!,3d3aef491,0.0333333333333333,3.0,3.0,0.0,0.0,0.0,0.0,0.0,0.0,0.0,0.0,0.0,0.0,0.0,0.0,0.0,0.0,1.0,0.0,2
1.0,Emma,0.15625,2.0,2.0,1.0,1.0,1.0,2.0,1.0,0.0,0.0,fa90fa5b1ee11c86938398b60abc32cb,0.0,"Emma had a lovely family. Unfortunately , her litter owner who is only 4 years old had asthma and Dr advise not to keep any pet. Therefore she was sent away to a fosterer and waiting for a sweet home. Commitment to spay her is compulsory. If u are interested to adopt pls contact Albert",c787ee619,0.0666666666666666,31.0,3.0,0.0,0.0,0.0,0.0,0.0,0.0,0.0,0.0,0.0,0.0,0.0,0.0,0.0,0.0,1.0,0.0,3
2.0,5 Kitten,0.25,3.0,1.0,1.0,2.0,2.0,2.0,1.0,0.0,0.0,9e9f7304cd2022597fe58071d9b35375,0.0,"hi, please call or sms if you interested. Thank you",f022849c2,0.2,2.0,2.0,0.0,0.0,0.0,0.0,0.0,0.0,0.0,0.0,0.0,0.0,0.0,0.0,0.0,0.0,1.0,0.0,2
1.0,The Cute CUTE Bunch,0.0625,3.0,2.0,2.0,2.0,2.0,2.0,1.0,0.1578947368421052,0.0,84296cd53ffc747a6a0e49c5d5134bfc,0.0,These abandoned babies are a really cute bunch and looking for a family to love them. please contact to adopt them.,e8a1f3d1b,0.1333333333333333,3.0,3.0,3.0,0.0,0.0,0.0,0.0,0.0,0.0,0.0,0.0,0.0,0.0,0.0,0.0,0.0,1.0,0.0,3
1.0,"Veni , Vidi , Vici",0.09375,3.0,2.0,1.0,2.0,1.0,2.0,1.0,0.0,0.0,752444403c2743254403deaeb74f5bc8,0.0,Puppies urgently need fosterer or adopters as they are wandering around shop area .. There are cases of Vietnamese workers capturing puppies as soon as they are big enough as a meal.... 2 females n 1 male roughly 1 month old... Adoption fees are negotiable if it's going to the right home...,0c28877b7,0.2666666666666666,15.0,15.0,0.0,0.0,0.0,0.0,0.0,0.0,0.0,0.0,0.0,0.0,0.0,0.0,0.0,0.0,1.0,0.0,2
1.0,Karlo,0.0625,1.0,2.0,2.0,2.0,2.0,2.0,1.0,0.0,0.0,95481e953f8aed9ec3d16fc4509537e8,0.0,"Meet Karlo, brother of little Karla, the cutest ever puppy in the world. He is so friendly and just loves to tag at your shoe lace. Karlo was rescued in Kundang playing on the road. He is around 3 months old , cream and has been vaccinated. Call urgently if you're interested in adopting the wonderful boy",f61c4cead,0.0333333333333333,3.0,3.0,0.0,0.0,0.0,0.0,1.0,0.0,0.0,0.0,0.0,1.0,0.0,0.0,0.0,0.0,0.0,0.0,2
1.0,6 Adorable Puppies,0.1875,3.0,2.0,2.0,2.0,2.0,2.0,2.0,0.1052631578947368,0.0,0c64721f538b820c3aaea180cdead54e,0.0,"These 6 puppies were rescued by a dump site , theyre a bunch of adorable and playful puppies . I wish to find them a safe and loving home . Ive grown such a liking towards these babies , I'm sure you will too ... They are also very intelligent at their age . They have some minor scars which will fade away very quickly ... Please do consider adopting one of these babies , they will bring you happiness and warmth to your heart just like they did to me ... call if youre interested in adopting . Thank you ^^ ... P.s : I stay at Rawang but am willing to meet at certain places to hand you the pup",6a54a03db,0.1666666666666666,3.0,3.0,1.0,0.0,0.0,0.0,0.0,0.0,0.0,0.0,0.0,0.0,0.0,0.0,0.0,0.0,0.0,0.0,4
2.0,Lil Miss Stevie And Her 2 Babies,0.03125,2.0,2.0,1.0,3.0,3.0,2.0,1.0,0.0526315789473684,0.0,3e67677450cdcb34c08b345ccc6889ff,0.0,"Lil Miss Stevie is a young mum to 2 beautiful kitties who are only a month old. Both kittens are female, one is a spitting image of her mum with a black and white coat and the other is of white and grey (she has a perfect circle of grey on her back!). We found them hiding in a bush outside of our condo and are looking to find them a loving home. We would love to keep them ourselves as Stevie is so affectionate but unfortunately she is not too fond of our puppy. Please contact me if you would like to adopt this cute furry family of 3 girls.",7a7f8a828,0.5,13.0,40.0,1.0,0.0,0.0,0.0,0.0,0.0,0.0,0.0,0.0,0.0,1.0,0.0,0.0,0.0,1.0,0.0,2
1.0,Donut,0.0625,2.0,2.0,2.0,1.0,1.0,1.0,1.0,0.0526315789473684,0.0,aa66486163b6cbc25ea62a34b11c9b91,0.0,"Donut is a friendly doggie and very domesticated. She will bark at strangers and will not run out of the house. Needs a cage as her sleeping bed, she likes to lie in there. Her former owner abandoned her after she had demodex. She is cured now. Vaccination and neutering fees to be borne by adopter. Please call if you can give her a home.",1bf24d8be,0.1666666666666666,3.0,95.0,0.0,0.0,0.0,0.0,0.0,0.0,0.0,0.0,0.0,0.0,0.0,0.0,0.0,0.0,1.0,0.0,4
2.0,"Putih,brown,comel",0.03125,2.0,1.0,2.0,2.0,2.0,2.0,1.0,0.2631578947368421,0.0,b990f8dcaa97abbc385bb78ff772ea84,0.0,Kitten -mencari tuan baru -sangat aktif dan suka main -sangat nakal... -diet wet food... -fee itu adalah untk beli makanan kucing yg lain.. Area Batu Caves........ -Putih (Taken) Comel (Taken) Tinggal Brown Calico perlukan tuan baru..,eb7fedf92,0.1,1.0,1.0,0.0,0.0,0.0,0.0,1.0,0.0,0.0,0.0,1.0,0.0,0.0,0.0,0.0,0.0,1.0,0.0,1
1.0,Homeless,0.03125,1.0,2.0,2.0,3.0,3.0,3.0,3.0,0.2105263157894736,0.0,e6331ac470fd6d2da3dadb652e618b39,0.0,"This dog has been around my Taman for 2 days now, today I managed to get close enough to him to feed him. He is severely malnourished as you can see in the pics and he seems to have a broken hind leg, the left one. You can see he is lifting it up, he gobbled up the dog chips and chicken I gave him. I have two dogs one a puppy I took off the street just 2 months back so I cannot take this guy in too... It really is sad to see him in this state,, is there anything we can do about this? I can try to hold him temporarily if someone can promise to take him. My number is, you can call me Jason, the area is in Taman Johor, Johor Bahru.",ba54e88a9,0.3333333333333333,3.0,3.0,3.0,0.0,1.0,1.0,0.0,0.0,0.0,0.0,0.0,0.0,0.0,0.0,0.0,0.0,1.0,0.0,2
2.0,Lalila,0.0625,2.0,1.0,1.0,2.0,2.0,2.0,1.0,0.2631578947368421,0.0,5309d1656533a721e4e8b9ca1d120294,0.0,"She is very affectionate, docile, smart, friendly and loving. Not picky no food. I found her at my apartment carpark, skinny and hungry. have been feeding her for past week or so and she looks much better and gain some weight too. I think she will make a very good companion cat.",a575d70f3,0.0333333333333333,6.0,2.0,1.0,0.0,0.0,0.0,0.0,0.0,0.0,0.0,0.0,0.0,0.0,1.0,0.0,0.0,1.0,0.0,2
2.0,Princess,0.1875,2.0,1.0,1.0,1.0,1.0,2.0,1.0,0.0,0.04,194f5dc024d664f6ba215d7be5f6ea85,2.0,"Very cute, clever and manja little girl. Playful with kids and gets along well with dogs. House trained. ALWAYS goes in her litter box if she's inside. Check the video to see her playing with our dog. Unfortunately we can't keep her due to too many animals at home and allergies. We rescued her from the back alley drain and now time to find her a new loving home and family.",2e12f4152,0.1333333333333333,15.0,15.0,0.0,0.0,1.0,1.0,0.0,0.0,0.0,1.0,1.0,0.0,0.0,0.0,0.0,0.0,1.0,0.0,2
2.0,Nameless,0.0625,2.0,2.0,2.0,3.0,3.0,3.0,1.0,0.0,0.1999999999999999,8f5fb37f32a030ce8d4ed627356afdd3,0.0,"Adoption fee comes with clean-sand and a collar, just use to cover this expenses Looking for fast adoption, as my house cannot keep kitten. Today is the best to adopt, come Sunway pyramid, I will be around there",dbf2d6b55,0.1,16.0,60.0,0.0,0.0,0.0,0.0,0.0,0.0,0.0,0.0,0.0,0.0,0.0,0.0,0.0,1.0,0.0,0.0,4
2.0,Tabby,0.09375,3.0,1.0,2.0,2.0,1.0,2.0,1.0,0.0,0.0666666666666666,badb959fff8f097e4901391125d910b7,0.0,"These 2 siblings need good home. need new owner , i have too many already. need someone can take a gud care of them. Cats very adorable, active and playful.litter trained. Eat Qiuts Tuna and SmartHeart. Please email me : ASAP. Collect at Batu Caves Area. Please bring your own cage/pet carrier. RM30 adoption fees is for the food we provided. PLEASE SMS FIRST.",7ec0fc838,0.1666666666666666,0.0,1.0,0.0,0.0,0.0,0.0,0.0,0.0,0.0,0.0,0.0,1.0,0.0,0.0,0.0,0.0,1.0,0.0,1
2.0,Japanese Bobtail,0.03125,2.0,2.0,2.0,2.0,1.0,2.0,1.0,0.1578947368421052,0.0,438a9bdce8ef4d5948fc40e422d34d0d,0.0,"9/5/ An Adorable Japanese Bobtail mix domestic medium hair kitten looking for new home. This little cute kitten is a 3 months old female. She has thick, snowy white fur with calico marks. She has a cute bobtail. She has his flea treatment done and was de-wormed on 9/5/. She is feeding on kibbles now. She is healthy, very active and playful. She always jumps & hops everywhere like a bunny. She is under toilet training now (potty) & ready to go anytime. *RM 50 adoption fee would be paid to Cat Charity Club (CCC) for rescuing stray cats. *Another RM neutering / spaying deposit would be fully refundable once the surgery is done. Anyone interested, please call .",ee2def69f,0.0333333333333333,30.0,1.0,0.0,0.0,0.0,0.0,0.0,0.0,0.0,0.0,0.0,1.0,0.0,0.0,0.0,0.0,1.0,0.0,1
1.0,Chip 1901,0.0625,1.0,2.0,1.0,1.0,1.0,1.0,1.0,0.0,0.0,f614cee416c3603e46ba67dc96b66aa4,0.0,"Chip is a very obedient dog, he is of spitz mixture and he is very friendly as well to people he is familiar with, when it comes to strangers he barks more so he can be a good guard dog.he is quite funny sometimes as in the way he reacts to insects and flying insects. ps:prefer if adopter is from selangor",3166b0f31,0.1666666666666666,3.0,19.0,0.0,0.0,0.0,0.0,0.0,0.0,0.0,0.0,0.0,0.0,0.0,0.0,0.0,0.0,1.0,0.0,2
1.0,Mixed Puppies,0.03125,2.0,2.0,1.0,3.0,1.0,3.0,1.0,0.0,0.1333333333333333,c00756f2bdd8fa88fc9f07a8309f7d5d,0.0,these pups belong to someone who's dog accidently mated. The mother dog has been spayed so puppies are looking for a home now. Mother dog is a spitz and father of pups is a mongrel. so these pups will be somewhere below knee height. 2 of the pups has medium length coated (Full black and black & tan). 2 is of short coat(black and brown),e4e5ea1d2,0.1666666666666666,19.0,3.0,1.0,0.0,0.0,0.0,0.0,0.0,0.0,0.0,0.0,0.0,0.0,0.0,0.0,0.0,1.0,0.0,4
2.0,Thunder,0.46875,1.0,2.0,2.0,2.0,1.0,2.0,1.0,0.0,0.0,c248586a72f4ba1e89ea3da0e14242db,0.0,About Thunder: - Litter Box Trained - Called Thunder because he is active - Love to fetch (sometimes he behaves like a dog) - Only eats cat food - Family loving cat. - Sometimes likes to sleep. - His father is Husky Interested? Call / Message / Whatsapp:,64f5e2165,0.1,13.0,0.0,1.0,0.0,0.0,0.0,0.0,0.0,0.0,1.0,1.0,0.0,0.0,0.0,0.0,0.0,1.0,0.0,2
1.0,Lovely Puppies,0.03125,3.0,2.0,2.0,2.0,2.0,2.0,1.0,0.1578947368421052,0.0666666666666666,25184a55b5ab6203e15df42feae46a11,0.0,The puppies are about 2 months old. they are currently staying at the fosterer house. All the puppies are healthy and playful.. Please contact Ms Saw at or Ms Yvonne at,9cda44cdf,0.3666666666666666,3.0,8.0,0.0,0.0,0.0,0.0,1.0,0.0,0.0,0.0,1.0,0.0,0.0,0.0,0.0,0.0,1.0,0.0,2
1.0,Bear Bear,0.0,1.0,2.0,1.0,2.0,2.0,2.0,1.0,0.3157894736842105,0.0,73d96f41bd0c35130751aaffaa51c45c,0.0,"Hi, Please bring me homezzzzzz~ TQTQTQTQ.",880a0ac07,0.2666666666666666,3.0,3.0,0.0,0.0,0.0,0.0,0.0,0.0,0.0,0.0,0.0,0.0,0.0,0.0,0.0,0.0,0.0,0.0,4
2.0,KD,0.03125,1.0,2.0,1.0,1.0,1.0,1.0,1.0,0.1578947368421052,0.0,cf0355c8b9249b3c8fefdb67d91df147,0.0,KD is very affectionate and loves to be held and stroked. He likes to play football and dribbles the ball well. He is learning to play fetch. He has lovely soft fur.,d07d9ab13,0.2666666666666666,2.0,0.0,0.0,0.0,0.0,0.0,0.0,0.0,0.0,0.0,0.0,0.0,0.0,0.0,0.0,0.0,1.0,0.0,4
2.0,Kittens,0.3125,3.0,1.0,2.0,2.0,2.0,2.0,1.0,0.0,0.0,095888be8f51edab9d9dc14361f14d15,0.0,Hi! Saya mempunyai 3 ekor anak kucing untuk adoption. Saya terjmupa anak2 kucing ni di belakang rumah saya. Saya harap orang yang ingin membela kucing2 ni ikhlas memberi mereka kasih sayang dan betul2 boleh menjaganya. :) Kitten 1: (Black + white) - Domestic long hair - Mata sebelah dia bengkak tapi saya telah apply eyedrop kat mata dia dan mata dia semakin baik. Kitten 2: (Black + brown) - Domestic short hair - Mata sebelah dia pun bengkak tapi sekarang sudah pulih sepenuhnya lepas saya apply eyedrop kat mata dia. Kitten 3: (Black) - Domestic short hair - Anak kucing ni takde problem,1cc98ed1d,0.0,12.0,2.0,0.0,0.0,0.0,0.0,0.0,0.0,0.0,0.0,0.0,0.0,0.0,0.0,0.0,0.0,1.0,0.0,2
2.0,Kitty,0.03125,1.0,2.0,1.0,1.0,1.0,1.0,1.0,0.0526315789473684,0.0,8a4ba90db86d93f4b3a412538391e096,0.0,"Kitty is a mixed breed beautiful female cat. Kitty needs a permanent home; she is house trained, docile, talkative, very sweet and great companion! And she has her own sandbox, kennel, bed, scratch post, plates and food stash =^.^= . I hope to find her a loving home soon! I cannot keep her in my small apartment because of my allergies...",a543418a3,0.1,75.0,2.0,1.0,1.0,0.0,1.0,1.0,0.0,0.0,0.0,0.0,1.0,0.0,0.0,0.0,0.0,0.0,0.0,4
1.0,Unknown,0.28125,2.0,3.0,1.0,2.0,2.0,2.0,1.0,0.0526315789473684,0.0,71ebc64aef066476aabc21ca36c5650a,0.0,"There's a groups of puppies near my working place at Relau, 2 months old. We are feeding them everyday but since they are growing fast, they start to follow their mother dog out searching for food. This area always got council people come for catching dog, and this is the access way for heavy vehicle in out very frequent. Due to they grow up, we will send them to shelter in 2 weeks time if we can't find people to adopt, our plant is moving soon so there's no one can take care of them. If interested and you are ready for getting a female dog pls contact.",80ebea85c,0.1,3.0,3.0,2.0,0.0,0.0,0.0,0.0,0.0,0.0,0.0,0.0,0.0,0.0,1.0,0.0,0.0,1.0,0.0,4
2.0,ISHIKIMARU,0.125,2.0,2.0,1.0,2.0,1.0,2.0,1.0,0.0,0.0,746e3812f14e3bf226b28e92a6b9c75c,0.0,ISHIKIMARU IS A WELL BEHAVED CAT. SHE TOO HAS FAIN YELLOW LINES ACROSS HER BODY LIKE TALGI AND LOOKS A BIT LIKE THE FATHER BUT A FEMALE VERSION. I CAN NO LONGER TAKE CARE OF HER AND HAVE TILL SEPTEMBER TO GIVE ALL MY CATS AWAY TO GOOD HOMES.,f03a41229,0.0333333333333333,48.0,2.0,1.0,0.0,0.0,0.0,0.0,0.0,0.0,1.0,0.0,0.0,1.0,0.0,0.0,0.0,1.0,0.0,2
2.0,Brownie,0.03125,1.0,2.0,2.0,3.0,3.0,3.0,2.0,0.0,0.0,8a752f3f08ec9295fe7cb308304e523b,0.0,"Male tabby cat looking for a new best friend. Found the cat at my office compound. Based on my observation, this cat is lacking of survival skills. He's too depending on commercial cat foods (my extra pocket money) and too eager to come indoor for his own comfort. He doesnt talk too much (a very good listener). I took him home temporarily cause he has a slight open wound on his leg and managed to took him to the vet for a treatment. Currently he's still under my care at my house. I could not take him permanently as my pet because I already had too much crazy fur friends under my roof top. This is not my first cat rescue mission. I have helped a few cats in rescuing and adopting missions, and met some incredible people along the way. I really hope more and more people are willing to take stray cats as their pets.",678140b71,0.0666666666666666,1.0,0.0,1.0,0.0,1.0,1.0,0.0,0.0,0.0,0.0,0.0,0.0,0.0,0.0,0.0,1.0,0.0,0.0,4
2.0,Unknown,0.125,3.0,1.0,1.0,2.0,2.0,2.0,1.0,0.0,0.0,b8a2cb79c0cfcadcac84bc292d62abb9,0.0,2 kitten found abandon by someone under a big tree near my house . i'm currently got 3 dogs and cant effort to keep anymore animal . please give me a call if you are interested to adopt them .,e297b5ede,0.1333333333333333,2.0,2.0,3.0,0.0,0.0,0.0,0.0,0.0,0.0,0.0,0.0,0.0,0.0,1.0,0.0,0.0,1.0,0.0,3
1.0,Trippy,0.96875,1.0,2.0,1.0,1.0,1.0,1.0,1.0,0.0,0.0,bba6e4fb931376d2735b32dc8631b726,0.0,"I found Trippy a couple of days back in Cyberjaya. I've been taking care of him since. I am looking for somebody who is willing to give him a good, loving home. I cannot keep him as I already have too many pets in the house. Trippy has a great personality, he's really really healthy he's so active and full of energy. He is extremely friendly and wants to make friends with everyone wherever he goes! All he wants to do is play! He's so full of joy and life, just being around him makes you alive. If you are willing to adopt him, you can contact me here. Thank you so much :)",886debfe8,0.0666666666666666,15.0,3.0,0.0,0.0,1.0,1.0,0.0,0.0,0.0,0.0,0.0,0.0,0.0,0.0,0.0,0.0,0.0,0.0,4
1.0,Heydee,0.0625,2.0,2.0,2.0,1.0,1.0,1.0,1.0,0.0,0.0666666666666666,ef8d7c0b52290da0d75182f7c3e74ccd,0.0,"Heydee was found wandering aimlessly on the street like a lonely, hungry and thirsty dog 2 weeks ago. Her wounded and rugged condition caught my attention- flea, lice and tick infested, with lots of bleeding & weeping wounds all over her body. Despite her painful condition, she was a very happy, cheerful, energetic, positive attitude doggy, the tail wagging all the time. So I brought her to the vet, dewormed, deflead, deticked, vaccinated, spayed. I even shaved all her hair to allow the wounds to heal and so the new beautiful hair could start to grow. She's a beautiful, strong, healthy happy puppy now. Heydee is a very smart alert dog, she learned how to ""sit"" on command in just a few minutes. She's very adorable, cheerful, happy-go-lucky, well-disciplined. I already have 4 big dogs, I can no longer afford to foster her. Please find a home for this adorable chap. She's now staying in a temporary shelter, after 2 weeks I would have no place for her, with no choice but to return her to the streets. Please help, find her a home. She's very friendly to everyone, a good companion & perhaps guard dog too. She's 15kg. If you love dogs and are looking for a companion dog, to walk with you, exercise with you, play with you, cheer you up, destress, turn your mood around - she's the one for you. Cuddle her long hair and destress while massaging her (she loves massages).",0164a9cfb,0.0666666666666666,3.0,19.0,0.0,0.0,0.0,0.0,0.0,0.0,0.0,0.0,0.0,0.0,0.0,0.0,0.0,0.0,1.0,0.0,2
2.0,MANGKUK 2.0,0.125,2.0,1.0,2.0,1.0,1.0,1.0,1.0,0.0526315789473684,0.2666666666666666,6f40a7acfad5cc0bb3e44591ea446c05,0.0,"Sweet smokey grey kitten, semi long hair fur coat as mommy has medium long hair coat.",0d784a800,0.3,2.0,1.0,0.0,0.0,0.0,0.0,0.0,0.0,0.0,0.0,0.0,0.0,1.0,0.0,0.0,0.0,1.0,0.0,4
1.0,"BLACKIE BOY, BROWNIE GIRL AND BETTY",0.03125,3.0,2.0,1.0,2.0,2.0,3.0,1.0,0.1052631578947368,0.1999999999999999,752d2323abbdd46158cae69563e5d60d,0.0,"I found the three musketeers abandoned outside my house while they were still newborn, without their eyes open.. I have been hand raising them to the best of my abilities and ensure they get 4 times a day food and milk to keep them happy and contented. For a month, I was bottle feeding all three to make sure they were well fed and watered. Blackie boy is the boisterous one among the Three musketeers.. He is friskier than the girls and loves to argue with me when i remove my slippers from his clutches. The only pup so far to have learned to bark.He also loves to sleep in the weirdest places-like in between the sliding door and the grille. If it fits, I sleeps! Brownie girl is the one with brown patches.. She is a fatty and loves to steal extra food from the other two.. so she is really a small piglet. But she learns fast and now sits on command, and has learnt that the living room is off limits with a simple NO. The largest of the three, and playful.Not bad for a tiny fella. Betty was named after Ugly Betty because she was the runt of the litter when newborn..Gave her special attention , nursed her from the bottle and kept her in my arms most of the time out of fear she may not make it through. After all that, she is truly a Betty and has bloomed into an adorable brown pup. She is the only one who does not bite me, but bites the others. Always with a cute sad face, she is my favourite of the lot. She loves to snuggle and prefers sleeping on my feet.",2ad939a78,0.1333333333333333,3.0,3.0,0.0,1.0,0.0,1.0,0.0,0.0,0.0,0.0,0.0,0.0,0.0,0.0,0.0,0.0,1.0,0.0,2
2.0,JINGGA,0.03125,3.0,2.0,1.0,1.0,1.0,1.0,1.0,0.2105263157894736,0.0,c026c581cda87aee6a1b629cfb54ef36,0.0,"Looking for a GOOD home for our friendly family cat. He’s a 2-year old spayed male, ginger tabby. He’s up to date on all his immunization shots etc. He is very good with young children and would make a great companion for young or old. We are very sad to have to give him up for adoption but unfortunately our daughter has allergies to cat dander.",d3fd60eb9,0.1666666666666666,15.0,15.0,1.0,1.0,0.0,1.0,0.0,0.0,1.0,0.0,0.0,0.0,0.0,1.0,0.0,0.0,0.0,0.0,4
1.0,6 Fluffy Puppies,0.0625,3.0,2.0,2.0,2.0,2.0,2.0,1.0,0.0526315789473684,0.0,cd431467a017d5bce5f42daa746d7d08,0.0,"6 super cute 1.5 months old fluffy puppies. 3 males, 3 females. Please call Jean .",53cd96ef8,0.0333333333333333,83.0,115.0,1.0,0.0,0.0,0.0,0.0,0.0,0.0,0.0,0.0,0.0,0.0,0.0,0.0,0.0,1.0,0.0,1
2.0,Barney & Hobbes,0.125,1.0,2.0,2.0,1.0,1.0,1.0,1.0,0.2105263157894736,0.0,0b5f01a21e015dc35d5de709f5515ef1,1.0,"***Looking for owner asap as I have to leave country in next few days. Serious adopters please contact me. ***Priority will be given to those that want to adopt both. Thanks! :) 2 Fun, Affectionate Male Cats with Tons of Personality Seek a Good, Loving Home Good things come in two! Barney - Grey and White with Raccoon tail (10months) Chubby, cuddly, half-Persian cat. Extremely affectionate, loves attention. Will come when called and will automatically roll over to get his belly rubbed when you walk up to him. Will sometimes chase you when you run. Loves to eat, follow you around the house, sleep in cool/dark places (finds the best hiding place), wrestle and chase Hobbes. Also very paternal and loving with the little one, never fails to give him a good cleaning and a hug. And when he can’t find him, he’ll roam the house calling out for him (has the funniest meow). He’s a morning cat – will wake you up by snuggling his nose in your face. Hobbes – Orange and White(7months) Very curious, cheeky, active little kitten. He’s the adventurous, cunning one who will explore everything. You will be amazed at his zest for life. Has a handsome white tuft of fur under his chin, looks very regal when he sits. Loves plastic (sleeping on it, playing with it) and loves the sun (will snooze all day right in the beams of the sun). Absolutely loves balls of paper – can play for hours with one (not kidding). Finds the most random, funniest places to lay on – handbag, plastic bag, bowl, etc. Always jumps on Barney and starts wrestling him. He may be little but he’s got a lot of spark in him. Independent at times, but will always give in and seek the comfort of your lap. They’re both interesting cats with their own personalities and are extremely loving and gentle with humans. Have never scratched or bitten ever. No problem with strangers at all. Potty-trained. Very well-fed and healthy. It truly breaks my heart to part with them, but I have no choice as I’ll be moving out of the country. Please do consider adopting them as a pair as they really love each other. But if you have no choice either, you can choose to adopt one. Call or SMS me at if you’re interested.",7a7835503,0.1,0.0,2.0,1.0,0.0,1.0,1.0,0.0,0.0,0.0,0.0,0.0,1.0,0.0,0.0,0.0,0.0,1.0,0.0,4
2.0,2 Kittens For Adoption,0.09375,3.0,2.0,1.0,2.0,1.0,2.0,1.0,0.0,0.0,4f730224c4425d230360cd399ff6cf13,0.0,"3 kittens for adoption. 2 are 8-month-old and another 1 is around 6-month-old Toilet trained, feed with dry food. Please contact me if you are willing to provide a forever loving home for them. The pure white kitten has been adopted just now. 2 Kittens still available",d470889c4,0.1333333333333333,2.0,1.0,2.0,0.0,0.0,0.0,1.0,0.0,0.0,0.0,0.0,0.0,0.0,1.0,0.0,0.0,1.0,0.0,4
2.0,Theodore,0.09375,1.0,2.0,1.0,2.0,2.0,2.0,1.0,0.0,0.0,13b3c0d8590208d6e60e7118bc3b98d1,0.0,"Hi everyone! My name is Theo and i'm about 3 weeks old now. My auntie Rebecca rescued me on monday 15 June . She found me behind her house surrounded by dogs!! She quickly picked me up and brought me inside her house. Sadly auntie Rebecca is busy fostering 5 pups and their mum so she called my new foster mummy Lynette for help. When i arrived at mummy Lyn's house she was amazed by how chubby and healthy i looked!! She says i'm so cute that i make her eyes hurt!! I'm not weaned yet so mummy Lyn still has to feed me kitty milk. I really hate the milk bottle so i have to be syringe fed for now. I hope my teeth grow soon so I can start eating yummy canned kitten food and kibble! Mummy Lyn wants to keep me forever but she can't coz she has soooo many pets now. I hope someone will adopt me and love me like she does. I should be able to go to my new home in about 3 weeks, once i am completely weaned and litter trained. Mummy lyn wants me to be healthy, so my new parents will have to pay for my vaccinations and they must neuter me because there are already too many homeless hungry kittens like me struggling in the streets and suffering.. For adoption to a safe and loving home. INDOOR only. Vaccinations and neutering are COMPULSORY. NO CAGE CONFINEMENT. Adoption procedure: - Set up a meeting with me and Theo. - See if potential adopter and Theo are suitable for each other. I will ask a lot of questions to make sure adopter is suitable. - Succesful adopter will then have to meet us at my vet in order to get Theo vaccinated before being able to take Theo home. Cost of vaccination and neutering to be borne by adopter. - I will make a home visit. - Adopter may have to provide me with occasional updates. Interested parties can call, sms, or email me. Serious enquiries only please. A description of yourself and your experience with cats is greatly appreciated. UPDATE 24 June - Theo has learned how to do his business in the litter box and started eating canned kitten food on his own yesterday!!",3ee594f5a,0.1666666666666666,2.0,0.0,1.0,0.0,0.0,0.0,0.0,0.0,0.0,0.0,0.0,0.0,1.0,0.0,0.0,0.0,1.0,0.0,2
2.0,Something,0.53125,1.0,1.0,1.0,2.0,1.0,2.0,1.0,0.0526315789473684,0.0,b8853c71b981104f1ef126e51387b616,0.0,"he is: -eating well -a bit noisy when in cage -poo-poo and pee in litter box can view first to decide, no obligation to that.. :)",416d8761e,0.0666666666666666,2.0,2.0,1.0,0.0,0.0,0.0,0.0,0.0,0.0,0.0,0.0,0.0,1.0,0.0,0.0,0.0,1.0,0.0,2
2.0,Chicky,0.03125,2.0,2.0,2.0,1.0,1.0,1.0,1.0,0.0,0.0,cdf2cd8d67e53bf6e5088dcb2de317d6,0.0,"Kucing ini diselamatkan dari kawasan pembuangan sampah, sebelum ini mempunyai kurap dan keguguran bulu. Selepas dirujuk kepada klinik veterinar. kucing ini telah pulih sepenuhnya. Kini ia mencari keluarga baru yg boleh menyayanginya. jika berminat, sila email. Lokasi pickup (Bukit Tinggi, Klang). Terima kasih ""Telah diadopt oleh Puan Normahani""",142da3f69,0.1333333333333333,6.0,2.0,0.0,0.0,0.0,0.0,1.0,0.0,0.0,0.0,1.0,0.0,0.0,0.0,0.0,1.0,0.0,0.0,4
2.0,"Faith, Hope, Rebel",0.0625,3.0,1.0,1.0,2.0,2.0,2.0,1.0,0.0526315789473684,0.0,0e88c99457b4cc546bd35c65ea78f322,0.0,"They are siblings and very attached to each other. Three of them are very well behaved, loving, playful and easy to manage. ADOPTERS for the cats is urgently needed. Please contact Aziza/ Mubeena for further inquiries.",107c49414,0.1333333333333333,2.0,2.0,1.0,0.0,0.0,0.0,0.0,0.0,0.0,0.0,1.0,0.0,0.0,0.0,0.0,1.0,0.0,0.0,2
2.0,XiaoShan & Daju,0.0625,3.0,1.0,1.0,1.0,1.0,2.0,1.0,0.0,0.0,f1b6b4616531fb41ebf424901c9d5266,0.0,"XiaoShan and Daju is siblings. They were abandoned by the mother cats and they even havent open their little eyes when we rescued them. unfortunately, there are another 2 siblings cant make it as they had infected virus during the time they exposed to outside. Its tough and very challenging to raise them to this size, and now both of them is healthy and ready to look for new owner! wish there are some animal lover outside could offer them a forever home!",19904f24d,0.1,29.0,2.0,0.0,0.0,0.0,0.0,0.0,0.0,0.0,0.0,0.0,1.0,0.0,0.0,0.0,0.0,1.0,0.0,3
2.0,Unknown,0.0625,3.0,2.0,2.0,2.0,1.0,2.0,1.0,0.0,0.1333333333333333,b0f9b38ca791175cb5808705a8c9e87f,0.0,"Three cats to be adopted. One female mother cat aged 9 months. Second will be the kitten one Tabby white and orange like coloured, male. Third kitten is Tabby black and white coloured, male. Both kittens aged 2 months. Mother Cat and two kittens are lovable, very affectionate towards human. The two kittens are very playful, and very fun to be around with. All three are healthy, always kept indoor and all are toilet-trained. Reason to give for adoption is because I have too many cats already, and I have to put extra attention and care to one particular kitten which I bought not long time ago.With my busy schedule I will not be able to care for all the cats in my home as I have a very packed schedule these days,and also I live in an apartment. It will be much appreciated if someone could adopt them either all three together or each one of them. As I really could not care for them as much as I did before. They need new home immediately so they could have the love and care they deserve. To adopt all together or to adopt each one of these felines, will be a minimal fee of RM 30 each. Should you be interested please contact sms whatsapp These cute felines are all excited to find a new home. Asap.",16d7f208a,0.1333333333333333,1.0,0.0,0.0,0.0,1.0,1.0,0.0,0.0,0.0,0.0,1.0,0.0,0.0,0.0,0.0,0.0,1.0,0.0,2
2.0,Cloe,0.03125,2.0,2.0,2.0,2.0,1.0,2.0,1.0,0.2631578947368421,0.0,18040c4e8dba340ae2a9eb2c6632a647,0.0,"Cloe was born on 17. March . She is a very beautiful, playful, three colored Female, with long tail. Toilette trained, Dewormed and very healthy. Before pick up i send her to the Vet for Vaccination. If you are able to take care of her, give her food, play with her, bring her to the vet and let her stay in your House without CAGE!!!... you can call me to visit Cloe. (fee is RM 65) She stay with a dog, me and my Family in a Non-Halal House! Please NO CAGE!!! She is not a TOY",324266c95,0.1666666666666666,2.0,1.0,0.0,0.0,0.0,0.0,0.0,0.0,0.0,0.0,0.0,0.0,0.0,0.0,0.0,0.0,1.0,0.0,1
1.0,Mercy Residents,0.1875,3.0,2.0,2.0,1.0,1.0,1.0,1.0,0.0,0.0,1d0b25a46e557cfd8bf9207ce7b0d054,0.0,"Hi These puppies and doggies are from our Mercy Shelter which is located at Taman Emas, Perai. We have so many of beautiful and loving fur kids that needs a lot of love and a forever home. Please visit our shelter to help our fur kids. Thank you.",5e8f72190,0.1333333333333333,3.0,3.0,2.0,0.0,0.0,0.0,0.0,0.0,0.0,0.0,0.0,0.0,0.0,0.0,0.0,0.0,1.0,0.0,3
2.0,Mama & Her 3 Babies,0.21875,3.0,2.0,1.0,2.0,1.0,2.0,1.0,0.0,0.0,78ec79634d350f6850fdd4a335cab431,0.0,"This poor family were found dumped on roadside months ago,3 healthy kittens are now ready to go to new homes,kindly contact me for adoption detail,thanks! *Only for Kuala Lumpur/Klang Valley.",d096658bb,0.1333333333333333,2.0,2.0,1.0,0.0,0.0,0.0,0.0,0.0,0.0,0.0,0.0,0.0,1.0,0.0,0.0,0.0,1.0,0.0,2
2.0,Nona,0.75,2.0,2.0,2.0,1.0,2.0,2.0,1.0,0.0,0.2133333333333333,89e38f1dc3b54154d9f976e67012ecc6,0.0,My vet have been taking care of this kitten for almost 3 weeks and she had her first vaccination covered already. She is searching for her forever home. Please call ( Olive ) if you are interested. Must spay and neuter when come of age and interview procedure will be done to see if you are a suitable owner. Thank you.,cdf03dc31,0.0333333333333333,6.0,1.0,0.0,0.0,0.0,0.0,0.0,0.0,0.0,0.0,0.0,0.0,0.0,0.0,0.0,0.0,0.0,1.0,2
2.0,Blackie Nose,0.0625,2.0,2.0,3.0,2.0,2.0,2.0,1.0,0.0,0.0666666666666666,8480853f516546f6cf33aa88cd76c379,0.0,Blackie Nose is a 2+ month old ball of cuteness. She is energetic and playful. I rescued a couple of cats a few months ago but could not get them neutered in time as the clinic was fully scheduled. The result was this little kitty. I do not have enough space and funds to care for more cats in my household. Looking for responsible people to take over Blackie Nose's care.,369197890,0.2333333333333333,49.0,6.0,0.0,0.0,0.0,0.0,0.0,0.0,0.0,0.0,0.0,0.0,0.0,0.0,0.0,0.0,0.0,1.0,2
2.0,Jackle,0.375,2.0,2.0,2.0,2.0,1.0,2.0,1.0,0.0,0.0,207fb18d38260c7e9c7ccd927e346ab8,0.0,Very active and playful. Love to play with children too. Very independent and toilet trained.,9304f9f8b,0.0666666666666666,49.0,17.0,1.0,0.0,0.0,0.0,0.0,0.0,0.0,0.0,0.0,0.0,1.0,0.0,0.0,0.0,1.0,0.0,1
2.0,Cathy,0.34375,2.0,2.0,1.0,1.0,1.0,1.0,1.0,0.0,0.0,1be4da11e393e6ba41f5ef7bf384556e,0.0,"Cathy was rescued from the drain near my house. She is now 6 months old, and is very active, playful, have a mind of her own and an absolute joy to watch. She is litter trained. I am unable to keep her as I have two dogs and one of them is waiting for the opportunity to attack her. Potential adopter need to ensure she will be kept indoors, supervised when outdoors, and no unnecessary caging allowed. Potential adopter must be financially independent and committed to love her and provide her with the necessary vaccination and medical care for the duration of her life.",b4d16b6f6,0.0333333333333333,2.0,6.0,1.0,0.0,0.0,0.0,0.0,0.0,0.0,0.0,0.0,1.0,0.0,0.0,0.0,0.0,0.0,0.0,4
2.0,Yoyo,0.40625,2.0,2.0,2.0,1.0,1.0,1.0,1.0,0.0,0.0,1d3441a8f19d8fc42969688b4d2be2f6,0.0,"Yoyo was 1kg when i first found her, six months old then. Skinny, sick and unhappy. Now, she is almost 1 year old, vaccinated and Dewormed. Playful, but always get sick because of her staying environment now. She stays in animal clinic, whereby lots of virus. Yoyo loves bathing, loves to be carry, loves to play hide and seek. Possible adopter must have experience on how to take care of a INDOOR cat. Owners without any other cats will get consider first. Terms and conditions apply.",f22ff0f64,0.1,18.0,1.0,0.0,0.0,0.0,0.0,0.0,0.0,0.0,0.0,0.0,0.0,1.0,0.0,0.0,0.0,1.0,0.0,3
2.0,Damas,0.03125,2.0,2.0,2.0,2.0,2.0,2.0,1.0,0.5263157894736843,0.0,a32188df3a904590022aaa63a02b90a3,0.0,"It is Damas. It was just born last month.It is beautiful. Her mother always comes to my house asking for food. When the number of cats increases, cats are forced to fight for foods. Therefore, I would like to ask for society help before it is too late to help them. Thank you. ;)",56937e269,0.3666666666666666,1.0,1.0,1.0,0.0,0.0,0.0,0.0,0.0,0.0,1.0,1.0,0.0,0.0,0.0,0.0,0.0,1.0,0.0,2
2.0,Happy Cat,0.09375,3.0,2.0,1.0,2.0,2.0,2.0,1.0,0.0,0.0106666666666666,cedeaacfe3e4bacfc22aec32803fa58c,0.0,"Hi , pet finder ! 5 cute little kittens looking for New sweet home !! Are you the one ?? Grab while last !! Kittens are healthy and active cant wait to play with you .... Kindly contact/whatsapp me on !!",8d39ce00b,0.1666666666666666,2.0,2.0,0.0,0.0,1.0,1.0,0.0,0.0,0.0,0.0,0.0,0.0,0.0,0.0,1.0,0.0,0.0,0.0,1
1.0,Lightning,0.0625,2.0,2.0,1.0,2.0,1.0,2.0,1.0,0.0,0.0,864cf39774b379d9bc93878c60445000,0.0,"Two months ago I rescued a pregnant stray (black and white border collie mix). This adorable female pup is the result. She has white hair on black skin which makes her fur look speckled. We researched and found that this characteristic is common in border collies (blue merle). We named her Lightning because in a litter of 5, she is the most active, playful and intelligent. She is now 2 mths old, been dewormed and is looking for a loving,forever home.",88db34068,0.1,3.0,54.0,1.0,0.0,0.0,0.0,0.0,0.0,0.0,0.0,0.0,0.0,0.0,1.0,0.0,0.0,1.0,0.0,2
2.0,Cute Kitten For Adopt,0.25,3.0,1.0,1.0,2.0,2.0,2.0,1.0,0.0,0.0,9e9f7304cd2022597fe58071d9b35375,0.0,Call or SMS if u interested. Tq,b58cef42d,0.0333333333333333,2.0,2.0,0.0,0.0,0.0,0.0,0.0,0.0,0.0,0.0,0.0,0.0,1.0,0.0,0.0,0.0,1.0,0.0,2
2.0,Sandy,0.0625,2.0,2.0,3.0,1.0,1.0,2.0,1.0,0.0,0.0266666666666666,49669f18048a41e70574a994b38d5903,0.0,"Hi,I am moving to a new home next month, the new place does not allow pets. I currently have 11 cats at home, sadly I have to put some of them up for adoption. Please help me find a loving home for my adorable cats.",a64e4905d,0.1,17.0,12.0,0.0,0.0,0.0,0.0,0.0,0.0,0.0,0.0,0.0,1.0,0.0,0.0,0.0,1.0,0.0,0.0,1
1.0,KT(female) & TM (male),0.3125,3.0,1.0,1.0,3.0,3.0,3.0,1.0,0.0526315789473684,0.0,93b9bd02cfbd0944686ceee8798b9eec,0.0,"I found 2 puppies at Ktm station teluk pulai, klang parking lot.As there is many car moving in and out in that area,i worried they will get roll over by car. I don't want send them to SPCA because they will put them to sleep if no one adopting them and I can't adopt them because I already adopt 3 stray dog in front of my house. They are healthy and adorable! I'm now fostering them and i looking for dog lovers to adopt them. Anyone want to adopt Pls call me at (chew). Adopters must agree to fully vaccinated them and also spay them when they reach 6 months old.",392d3346e,0.2333333333333333,3.0,3.0,0.0,0.0,1.0,1.0,0.0,0.0,0.0,0.0,0.0,0.0,0.0,0.0,1.0,0.0,0.0,0.0,4
1.0,Elsa And Belle,0.0625,2.0,2.0,2.0,1.0,1.0,2.0,1.0,0.1578947368421052,0.0,aeb78e196b74d77222860a9b466255ce,0.0,"The remaining Disneys who need forever homes Elsa and Belle They are healthy, happy, energetic, full of love and would make lovely companions and family members. Do share and help me find them their forever homes. PM me if interested. Only SERIOUS adopters will be considered. TQ :-D",f19658d12,0.1333333333333333,3.0,25.0,0.0,0.0,0.0,0.0,0.0,0.0,0.0,0.0,0.0,0.0,0.0,0.0,0.0,0.0,1.0,0.0,2
1.0,Calm,0.0625,2.0,2.0,1.0,1.0,1.0,2.0,1.0,0.2631578947368421,0.0,cf0355c8b9249b3c8fefdb67d91df147,0.0,"Rescued with 7 siblings. She’s a lovely, obedient girl, and walks well on a leash. Toilet trained. Affectionate and eager to please, although shy at first. Gets on well with other dogs. Calm is a follower. She is a great guard dog - will be friendly if you introduce someone to her, but barks at strangers approaching the house.",40fbb932c,0.1333333333333333,3.0,3.0,0.0,0.0,0.0,0.0,1.0,0.0,0.0,0.0,0.0,0.0,0.0,1.0,0.0,0.0,0.0,0.0,1
2.0,Tuxedo Ginger Tabbies,0.0625,3.0,1.0,1.0,2.0,2.0,2.0,1.0,0.0526315789473684,0.0,3d705260a5eb049510ce87c718f30f92,0.0,"Yona is really a beautiful kitty. She is calm and cool. Elegant but very playful. Her eyes sometimes is very seductive and misty. Jas is the soft and playful kitty. Too playful sometimes she bump her head stuffs and have some lumps. John is already in new home now and not available anymore. Jack is more relaxing and lay back type. He like sleep and sleep the longest. But when he play he got like lots of energy due to too much sleep. He have the most unique fur. His fur is not very black, kind of light black, that is why you can see some tabby patterns in his body. He is super cute and blur type. Joe is the most handsome one but with tough ginger kitty attitude. He is really cute ginger kitty.",cd47ddc13,0.0333333333333333,0.0,74.0,0.0,0.0,0.0,0.0,0.0,0.0,0.0,0.0,0.0,0.0,0.0,1.0,0.0,0.0,1.0,0.0,1
2.0,Unknown,0.09375,3.0,3.0,1.0,2.0,2.0,2.0,1.0,0.2631578947368421,0.0,7d6b8a159dfe05c79b52c740658a1d7d,0.0,"3 males and 1 female All are 4 months old (born 12 January ) Not sure what breed Kittens are nameless due to avoid attachment ^^""",5a17d8cea,0.2333333333333333,2.0,2.0,0.0,0.0,1.0,1.0,0.0,0.0,0.0,0.0,0.0,0.0,0.0,0.0,0.0,0.0,1.0,0.0,4
2.0,Cheeta N Tigger,0.0625,3.0,2.0,1.0,2.0,1.0,2.0,1.0,0.0,0.0,1de5f1042eb8ba2195eb0178a4813b34,0.0,"I have 2 kitten for adoption. All of them are toilet trained, active n manja. I'm looking for cat lovers to be new parent for this kittens. A responsible new parent that can take good care of them. No Whiskies, No Friskies or ikan bilis wit nasi. If interested can call me... I also need your detail- where do u live,what kind of house u live in, do u have any other pet,married or single, student or working n do u have experience wit cat.",ef7870add,0.2,2.0,16.0,1.0,0.0,0.0,0.0,0.0,0.0,0.0,0.0,0.0,0.0,0.0,0.0,0.0,0.0,1.0,0.0,2
1.0,Border Collie & Terrier Mixed Puppies,0.125,3.0,2.0,1.0,2.0,1.0,2.0,1.0,0.0,0.0666666666666666,d9f19772a07b9d5624fa51319eeb10a0,5.0,"We are looking for loving adopters for 3 male and 1 female puppies, they are currently 5 weeks old, it's free. They are border collie & terrier mixed breed. The pups are so cute, smart and playful. We could deliver the pups to your doorsteps in KL/Selangor area for free.",c2e4ec0c2,0.3333333333333333,54.0,4.0,1.0,0.0,0.0,0.0,0.0,0.0,0.0,0.0,1.0,0.0,0.0,0.0,0.0,0.0,1.0,0.0,3
2.0,Baby,0.0625,2.0,2.0,2.0,2.0,2.0,3.0,1.0,0.1578947368421052,0.0,7ada90c0692307d1fed223c5c9ede6d7,0.0,"name:baby umur about 2 month.sesiape yang brminat nak adopt please email nida. about baby: baby sangat manja,active and independence. dia suka makan ayam.dia suka tidur dengan orang. reason nk let go baby: dah ada 2 ekor kucing. seekor jantan (chicko) seekor betina(chicky) yang betina tu dah brsalin. chicko selalu kacau baby maklum lah. baby comel. p/s: sesiape yang interested nk adopt baby. please email saya. and saya akan bagi number phone untuk urusan seterusnya. bagi yang serious nak adopt sahaja. yang boleh bagi dia kasih sayang secukupnya. percayalah. kami sekeluarga pun sayang dia. tapi keadaan tak mengizinkan kami membela dia. email: nida.",55c23ed2e,0.0666666666666666,12.0,1.0,1.0,0.0,0.0,0.0,0.0,0.0,0.0,0.0,0.0,0.0,0.0,0.0,0.0,1.0,0.0,0.0,2
1.0,Waiting For You To Give Him A Name,0.0625,1.0,2.0,2.0,3.0,3.0,2.0,1.0,0.2631578947368421,0.0,05fabcd5da274c0b654a575430d6a14b,0.0,was been rescued from a garbage bin this evening 13/7 8.30pm at taman sungai besi. the puppy is health and very playful too. i am not sure if the puppy been vaccinated or not. he really need a good home now.. Please give him a home and he really need someone to love him :(,6c61c33ee,0.1666666666666666,3.0,3.0,0.0,0.0,0.0,0.0,1.0,0.0,0.0,0.0,1.0,0.0,0.0,0.0,0.0,0.0,1.0,0.0,4
2.0,Kitty For Adoption,0.09375,2.0,2.0,1.0,2.0,2.0,2.0,1.0,0.0,0.0,5aca30a29e8290093fee2a334d65d835,0.0,This lil kitten was found alone and starving. She was rescued by Jane. She is unable to keep this kitten as she already has a slightly older cat. The older cat can't get along with the kitten. Jane is now looking for a sincere adopter who can give this kitten a permanent loving home. Pls PM me or contact Jane via Facebook if you're interested. Only serious and sincere adopter. Here's the Facebook link:,01b8e6c14,0.1,1.0,2.0,0.0,0.0,0.0,0.0,0.0,1.0,0.0,0.0,0.0,0.0,1.0,0.0,0.0,0.0,1.0,0.0,1
2.0,Mao Mao æ¯æ¯,0.0625,3.0,2.0,2.0,2.0,2.0,2.0,1.0,0.1052631578947368,0.0,d875085cf780b229007fb6af11ac3836,0.0,"It was found in a abandoned factory, actually there's 5 / 6 kitten, but 2 are dead cause by month cat doesn't know taking care of them, can only save 1 due to can't afford.. At the moment kitten settle down in pet shop, if fail to find adopter will release back to street after a month. 在一个废了的工厂区捡到的，完全没有遮掩物，其实有五六只小猫，其中两只已经升天了。我的能力范围只能救一只。猫妈咪不会照顾小猫，屁股粘着大便都没被舔掉。现在小猫在宠物店，如果不能成功被领养，将会被逼放回街上。 From : Jess",75f7beaf2,0.4666666666666667,1.0,1.0,1.0,0.0,0.0,0.0,0.0,0.0,0.0,0.0,0.0,0.0,0.0,0.0,0.0,0.0,1.0,0.0,2
2.0,â¥Sweet Crackersâ¥ URGENT ADOPTION!,0.03125,2.0,2.0,2.0,1.0,1.0,2.0,1.0,0.0526315789473684,0.0,89e38f1dc3b54154d9f976e67012ecc6,0.0,"Crackers is found at the street and lots of car are around that area.Sweet Cracker is only around 2 mths old. She will be a good pet for you if you are willing to love her and care for her. Please do not use her for breeding purpose. I strongly ask you to spayed it once it is old enough. Please be a responsible pet owner. If you have any question regarding the kitten, you may pm me. This kitten currently is being treated for it's eyes but is healthy. My friend is currently boarding her at the vet. Adoption condition: 1) Tell me your experience on handling cat. 2)Spay it when it reach 4-6 mths. 3) Love her unconditionally. 4) If cannot take care of it anymore due to some reason, please return it back. But no such reason eg: She is already old. Hard to care for it. 5)Give updates whenever you have time. Anyone who is interested please do PM or email me a msg.Thank you for viewing :)",5c716a537,0.2666666666666666,29.0,1.0,0.0,0.0,1.0,1.0,1.0,0.0,0.0,0.0,0.0,0.0,0.0,1.0,0.0,0.0,1.0,0.0,1
1.0,Kungki Boy,0.03125,1.0,2.0,2.0,1.0,1.0,1.0,1.0,0.4210526315789473,0.0,fd970cc91d06d82eebf046340137b272,0.0,Call/WhatsApp: This boy loves attention.. can be guard dog. Medium size. The charges includes neutering and vaccination.,184ea777b,0.3666666666666666,15.0,15.0,2.0,0.0,0.0,0.0,0.0,0.0,0.0,0.0,0.0,0.0,0.0,0.0,0.0,0.0,1.0,0.0,4
2.0,Unknown,0.75,1.0,2.0,1.0,2.0,1.0,2.0,1.0,0.1578947368421052,0.0,42d5612bc1a78caec3e1342449cb08fd,0.0,"This lil one was found in a back alley and is a very healthy, active, playful kitten. He is estimated to be about 6 weeks old, has been dewormed, and will be taken back to the vet in two weeks time for his vaccination.",1530366d2,0.1333333333333333,73.0,0.0,0.0,0.0,0.0,0.0,0.0,0.0,0.0,0.0,0.0,0.0,0.0,0.0,1.0,0.0,0.0,0.0,1
1.0,3 Musketeers,0.09375,2.0,2.0,1.0,2.0,1.0,2.0,1.0,0.0,0.0,a042471e0f43f2cf707104a1a138a7df,0.0,"This 3 little musketeers were rescued by a car mechanic in his soon to be demolished workshop. As he is worried of their future, I have offered him to put them in our care with the hope that they will find good and responsible owners.",df706fd55,0.0333333333333333,3.0,3.0,0.0,0.0,0.0,0.0,0.0,0.0,0.0,0.0,0.0,0.0,0.0,0.0,0.0,0.0,1.0,0.0,2
2.0,Milky,0.0625,1.0,2.0,2.0,2.0,1.0,2.0,1.0,0.1578947368421052,0.0,78ec79634d350f6850fdd4a335cab431,0.0,"found this 2 abandoned kittens near my house, they are healthy,active & very playful now. do sms me if interested to adopt (within klang valley area). *i might not be able to answer your call during off hour,appreciated if you can sms/email me.many thanks!",11d3a4c0f,0.2666666666666666,1.0,1.0,1.0,0.0,0.0,0.0,0.0,0.0,0.0,1.0,1.0,0.0,0.0,0.0,0.0,0.0,1.0,0.0,2
2.0,Lil Miss,0.0625,2.0,2.0,1.0,3.0,3.0,3.0,1.0,0.2105263157894736,0.0,134d932df348f17f975a1fe447ab0b40,0.0,"Female. Age not sure, but guess around 4 months old now. Found this kitten alone and hungry in petrol station 2 months ago. She was very skinny then. We took it home and now she's ready for a new family. We feed her Blackwood Kitten. She is now a beautiful kitten, growing well and her fur is shinier and softer. Please ctc -",d2f216860,0.2,2.0,2.0,1.0,1.0,0.0,1.0,0.0,0.0,0.0,0.0,0.0,0.0,1.0,0.0,0.0,0.0,1.0,0.0,2
1.0,Tropicana Puppies,0.03125,2.0,2.0,2.0,1.0,1.0,2.0,1.0,0.2105263157894736,0.0,ee2747ce26468ec44c7194e7d1d9dad9,0.0,Total of 4 puppies were rescued from Tropicana park 2 weeks ago. Their mum is a stray. Pls call to visit them.,69d413ff2,0.2,25.0,3.0,1.0,0.0,0.0,0.0,0.0,0.0,0.0,0.0,0.0,0.0,0.0,0.0,0.0,0.0,0.0,0.0,1
1.0,Fatty Golden Retrievers For Adoption,0.25,3.0,2.0,2.0,1.0,1.0,2.0,1.0,0.0526315789473684,0.0666666666666666,ffd648ffe5e574b912fcb92a8e0d5520,0.0,My Golden retriever Labrador mix gave birth to 7 adorbale cuties who are growing up fast so book them now if your interested. Theyr almost a month old can walk a lil wobbly but theyr getting there! Serious and loving people only plz WhatsApp me,409ccc60e,0.1666666666666666,25.0,8.0,0.0,0.0,0.0,0.0,0.0,0.0,0.0,0.0,0.0,0.0,0.0,0.0,0.0,0.0,1.0,0.0,3
2.0,2 Playful Kittens,0.03125,3.0,2.0,1.0,2.0,2.0,2.0,1.0,0.0,0.0666666666666666,98f959d5340d86f71ff3afd753ab4215,0.0,"Mother cat gave birth in my garden and I have been taking care of them since then. Both kittens are absolutely affectionate (manja). They will rush about in the morning meowing to greet you and send you all the way to your car! The male has a cute bobtail and will follow you everywhere just to be stroked and cuddled. The female has a longer tail and likes to be scratched. Both love to cuddle at your feet. They are both well-trained with cat litter. They are healthy, playful and intelligent (will look at your face and eyes and not just your hands :) They are about the size of a woman's hand and should grow up to be quite good looking for they have a lovely and elegant mum who looks like an Abyssinian mix with lovely green almond eyes. Anyone who can give them a loving home please contact me asap.",9e172ab13,0.1666666666666666,15.0,15.0,0.0,0.0,0.0,0.0,0.0,0.0,0.0,0.0,0.0,1.0,0.0,0.0,0.0,0.0,1.0,0.0,2
2.0,Theodore,0.1875,2.0,3.0,2.0,2.0,2.0,2.0,1.0,0.0,0.0,35ca0af7f781e96744e8371c35b07944,0.0,Theodore is simple yet so charming..i dunt have time to know her better because i have lots of cats..i need her to be adopted for this reason.,239495f90,0.1333333333333333,0.0,2.0,0.0,0.0,0.0,0.0,0.0,0.0,0.0,0.0,0.0,0.0,0.0,1.0,0.0,0.0,1.0,0.0,1
1.0,Cute Chubby Puppies,0.0625,3.0,1.0,1.0,2.0,1.0,3.0,1.0,0.2105263157894736,0.1999999999999999,793a857b0f2db4c0ed8fd9e38cc7cb5f,0.0,Rescued puppies. currently mother and kids at boarding for special care from 0 month old(puppies) and now puppies are 6 weeks old.. ready to adopt. puppies already dewormed. they are very active and in good health condition as it is given special care. free adoption Transport provided for klang area. Interested to give home for these kids? please call(jack) or(vithiya),6d4bdde4c,0.8,3.0,3.0,0.0,0.0,0.0,0.0,0.0,0.0,0.0,0.0,0.0,0.0,0.0,0.0,0.0,0.0,0.0,0.0,4
1.0,Dale,0.0625,1.0,2.0,2.0,1.0,1.0,2.0,1.0,0.1578947368421052,0.0,2095c36670e074316d4a110ea3667983,0.0,"Dale was found in the drain in Kota Kemuning, he seems to be afraid of people but very fond other dogs. We believe he could've been abandoned or thrown away. He looks like a mix of German Shepherd. He's very active and very healthy. He will be vaccinated next week. .",6381b1706,0.1666666666666666,3.0,3.0,1.0,0.0,0.0,0.0,0.0,0.0,0.0,0.0,0.0,0.0,0.0,0.0,0.0,0.0,0.0,0.0,1
1.0,Shanti,0.0625,2.0,2.0,1.0,2.0,2.0,2.0,1.0,0.0526315789473684,0.0,4cfc0a51539b1837dadd093bf600b86b,0.0,The last one available. She is playful and intelligent.,2a2b95086,0.1666666666666666,15.0,15.0,3.0,0.0,0.0,0.0,1.0,0.0,0.0,0.0,1.0,0.0,0.0,0.0,0.0,0.0,1.0,0.0,2
2.0,Dowry,0.0625,2.0,2.0,2.0,2.0,1.0,2.0,1.0,0.1052631578947368,0.0,adbc9d2f9b76b7ebd234b96e8e2bb1ba,0.0,Name: Dowry Gender: Female Age: 3 months Diet: Iams Kitten Colour: Dilute Calico.. Father: MIx Maine Coon Mother: DSH.. Caracter: Active Kitten Call-haniza,61bf517f2,0.1,1.0,29.0,0.0,0.0,0.0,0.0,0.0,0.0,0.0,0.0,0.0,0.0,0.0,1.0,0.0,0.0,1.0,0.0,2
2.0,Unknown,0.03125,3.0,2.0,3.0,2.0,2.0,2.0,1.0,0.1578947368421052,0.0,fb5aca801ac108ad082bfd1a9edd2dba,0.0,these two kitten were born 1 month ago. the mother gone missing after two weeks gave birth to them. they are healthy and very active.,581ce1910,0.3333333333333333,1.0,17.0,3.0,0.0,1.0,1.0,0.0,0.0,0.0,0.0,0.0,0.0,0.0,0.0,0.0,0.0,1.0,0.0,3
2.0,Unknown,0.03125,3.0,1.0,1.0,2.0,2.0,2.0,1.0,0.1052631578947368,0.0,0903d6891d3eb9eace76eaef3a31dcdc,0.0,"Two lovely kittens for adoption (age 1.5 months-2 months).They lost their mummy and I found them infront of my house. They look like mixed breed of Abyssinian & Domestic Short Hair. They are very playful, friendly and smart. Litter trained & they can eat on their own. They are very attached to one another. Must be adopted together. Looking for a new home for them :) contact me if you are interested. Note : Contact me via Whatsapp / email only.",e348d720a,0.1666666666666666,15.0,15.0,0.0,0.0,0.0,0.0,1.0,0.0,0.0,0.0,0.0,1.0,0.0,0.0,0.0,1.0,0.0,0.0,4
2.0,Shasha & Tuetue,0.03125,3.0,3.0,1.0,1.0,1.0,2.0,1.0,0.0,0.0,4c8be9659d83e0f35423d629cf05b026,0.0,sy ingin mencari tuan baru untuk kucing kesayangan sy. maine coone cross. bone yg sangat besar sebijik ikut baka bapaknye. pure maine coone. toilet train. kucing yg sangat manja. akan di beri kepada owner yg betul2 syg kan kucing.... call sy sekiranye berminat.,e90c988f5,0.1,49.0,2.0,0.0,1.0,0.0,1.0,0.0,0.0,0.0,0.0,0.0,0.0,0.0,1.0,0.0,0.0,1.0,0.0,2
1.0,Lilo,0.0625,2.0,2.0,1.0,2.0,1.0,2.0,1.0,0.0526315789473684,0.0,c00756f2bdd8fa88fc9f07a8309f7d5d,0.0,"playful, active and healthy",2e4eb9198,0.1333333333333333,32.0,3.0,1.0,0.0,0.0,0.0,0.0,0.0,0.0,0.0,0.0,0.0,0.0,0.0,0.0,0.0,1.0,0.0,2
2.0,Lily & Houdini,0.03125,2.0,2.0,2.0,1.0,1.0,1.0,1.0,0.2105263157894736,0.0,3aa57c766988260ae2a48502f1efec9c,0.0,"Hye Cat Lovers, -> I have 2 Very Cute Female Kitten Mix Domestic Short hair/Tabby -> Litter trained/playful type Price :: RM for both ! These 2 are trained to be a home cat. Give these 2 a great home today :) Text me LILY at",63c93929a,0.2,2.0,0.0,0.0,0.0,0.0,0.0,0.0,0.0,0.0,0.0,0.0,0.0,0.0,0.0,0.0,0.0,1.0,0.0,4
2.0,Nana & Nani,0.21875,2.0,1.0,1.0,2.0,2.0,2.0,1.0,0.0,0.0,69c67a58c4b1aa98f1f44aca7dfd6f42,0.0,6 week old.healthy kittens. Adopter to take both the siblings,26716b324,0.1666666666666666,2.0,2.0,1.0,0.0,0.0,0.0,1.0,0.0,0.0,0.0,1.0,0.0,0.0,0.0,0.0,0.0,1.0,0.0,2
1.0,Baby MC Boy,0.03125,1.0,2.0,1.0,1.0,1.0,2.0,1.0,0.0,0.0,4d2400be2e2e78265f5c84345b7a3415,0.0,MC is one of the remaining 3 bubbly & energetic puppies is still looking for home. They are currently seeking shelter near construction site with lotsa lorries & heavy machineries moving in & out. Their life is at stake. Pls adopt & save lifes today! Location KL Puppies are 1 month plus old,18c3b1a1a,0.1,15.0,15.0,0.0,0.0,0.0,0.0,0.0,0.0,0.0,0.0,0.0,0.0,0.0,0.0,0.0,0.0,1.0,0.0,3
2.0,Orey (Oregano),0.75,2.0,2.0,2.0,2.0,2.0,2.0,1.0,0.0,0.0,9e5b5dca43fbd39af3d5b885a8a1050c,0.0,"Hi, I have another adult female cat who had babies. They're all about 6 weeks old now so they should be able to be given away. This would probably be my last batch of kittens since I would finally want to spay my cat after this. I would like to keep them, but my current circumstances does allow me to so I'm hoping to find interested pet lovers. The last one here is called Orey or Oregano. She seemed like the oldest of the bunch as she matured faster than her sisters. She likes to play with her twin and loves to chill and relax. Like her twin, she has already started eating wet food and a bit of dried food. Wouldn't hurt to give some kitten milk, so maybe just get one pack and finish it up. I'm currently training her and her siblings to use the litter box and it seems that they know where to do their business now so that's good. If interested in one, or more of them, please call/sms me at or email me. Unfortunately I don't have whatsapp, but if you need any additional pictures to be sent, please let me know your emails and I'll send them over.",4555f9273,0.0333333333333333,0.0,2.0,0.0,0.0,0.0,0.0,0.0,0.0,0.0,0.0,0.0,0.0,0.0,0.0,0.0,1.0,0.0,0.0,1
1.0,Wong & Choi,0.5,3.0,2.0,1.0,1.0,1.0,1.0,1.0,0.1052631578947368,0.0,2dea9d1be190e7ccb927bbbab3c43c6f,0.0,"I have been posting for about 1 year and I still couldn't find a home for them. I really Really really really hope someone can give them a home. =( They might get caught by MPSJ soon. 1) ""Wong"" which is the yellow female dog -When I came to Subang, she was abandon as a puppy nearby my hostel. She gave birth once and then it was spayed. She is a very fat and healthy dog. One of the most friendly stray I came across. 2) ""Choi"" which is the black male dog -It is super dependent on ""Wong"" and friendly to human too. He always get bullied by other stray dogs here, only Wong actually loves him, they will lick each other every time. If either one of them was gone, I don't know how they live their lives again. Although they are not expensive breeds but they can definitely bring joy to your life. They both located at Subang area. I can send to your place if you really can take good care of them. My contact is Darren I can provide health check fees and vaccination for them. Please please please please please please please give them a HOME. contact me please.",4c594983d,0.1333333333333333,3.0,3.0,0.0,0.0,0.0,0.0,0.0,0.0,0.0,0.0,0.0,0.0,0.0,1.0,0.0,0.0,0.0,0.0,4
2.0,Xiao B&BB,0.15625,2.0,2.0,2.0,2.0,2.0,1.0,1.0,0.1052631578947368,0.0,0761cb7cdd933e22cf9596fe71e1af1d,0.0,"Kitten and mommy looking for someone to who will take good care for them and give them a forever home.(the kitten only 3/4month)Both are healthy and friendly to human. Condition for adopter is need to keep them in home and the mummy I will spayed to she.and the adopter just need to spayed when the kitten is grown up.and I just want someone to love them and take care of their life, their life is not very long, only 15 years , the past 15 years only hope not to abandon them , to take care of them.and must keep them in home,and when them adult need to vaccination and ligation . Please contact me determined to adoption Elaine Thank you. Location in kl cheras",a4652e4fe,0.2,2.0,1.0,1.0,0.0,0.0,0.0,0.0,0.0,0.0,0.0,0.0,0.0,0.0,0.0,0.0,0.0,0.0,0.0,4
2.0,Truffles,0.0,1.0,2.0,1.0,1.0,1.0,1.0,1.0,0.0,0.0133333333333333,13b3c0d8590208d6e60e7118bc3b98d1,0.0,"He's a beautiful, feisty, energetic teenager who wandered into my yard and tried to start a fight with my dog! he's a tabby but he's a very unique one.. instead of stripes, he's got beautiful spots!! like a mini jungle cat. for adoption to the RIGHT home. enjoys the company of other cats. playful and responsive to people. diet: acana adult cat toilet trained: yes, but i would recommend a large ""cat-it"" hooded cat litter tray with door flap, available at most pet stores. he buries with a lot of enthusiasm, its hilarious! please note that i will ask for reimbursement of veterinary fees from the new adopter. this will be for compulsory vaccination and deworming. he has already been neutered.",d3c880313,0.0,15.0,16.0,1.0,0.0,0.0,1.0,0.0,0.0,0.0,0.0,0.0,0.0,0.0,0.0,0.0,1.0,0.0,0.0,2
1.0,Terry,0.34375,1.0,2.0,2.0,3.0,3.0,2.0,1.0,0.2631578947368421,0.0,719987dce7aeb027fdfa91b480800199,0.0,been at my place for a while..am hoping to find it a good home,e7f7066b6,0.1666666666666666,26.0,3.0,0.0,0.0,0.0,0.0,1.0,0.0,0.0,0.0,0.0,1.0,0.0,0.0,0.0,0.0,1.0,0.0,2
2.0,Si Garang,0.4375,1.0,1.0,2.0,2.0,2.0,2.0,1.0,0.0,0.0,66044942690776d858708bfc7c166078,0.0,WARNING: VERY FERAL stray kittens. age & gender not sure. few times almost got hit by car coz always near the road & under the car. the mom keep on moving them around & leaving them at different places. since they are already eating wetfood & dryfood i think its better to give for adoption b4 anything worse happen to them. IF INTERESTED PLEASE EMAIL ME & DONT COMMENT ON PHOTO COZ I MIGHT NOT GET IT. THANX =D,29a2ecf1f,0.0666666666666666,1.0,0.0,0.0,1.0,0.0,1.0,0.0,0.0,0.0,1.0,1.0,0.0,0.0,0.0,0.0,0.0,1.0,0.0,2
2.0,FREE KITTEN FOR ADOPT,0.0625,3.0,2.0,2.0,2.0,2.0,2.0,1.0,0.2105263157894736,0.0,210c8b970f0b2ed0dc54eebe01701c8a,0.0,Hi..saya cuma tolong kawan post gmbr ank2 kucing dia untuk adopt..boleh whatsapp terus no kawan saya...👇 Contact: (fasha) location : rawang selangor 4 kitten less than 1 month. 2 male/2female *kalau sudi boleh adopt skali dgn si ibu... 😊,3aa058da5,0.2,1.0,1.0,0.0,0.0,1.0,1.0,0.0,0.0,0.0,0.0,0.0,0.0,0.0,1.0,0.0,1.0,0.0,0.0,2
2.0,Shadow,0.15625,3.0,2.0,1.0,2.0,1.0,2.0,1.0,0.0526315789473684,0.0666666666666666,b75f999a5da335c6f8159839f1f41839,0.0,"Free adoption... very active and manja gal, very good behavior Age: 5 to 6 months Gender: Female Color: Tortoiseshell Area: Damansara Perdana Food: Orijen & Acana and home made wet food Please Whatsapp TQ",5d8622f3c,0.1333333333333333,2.0,6.0,0.0,1.0,0.0,1.0,0.0,0.0,0.0,0.0,0.0,0.0,0.0,0.0,0.0,1.0,0.0,0.0,1
1.0,Puppies,0.09375,3.0,2.0,1.0,2.0,2.0,3.0,1.0,0.1052631578947368,0.0,d0b50cd24d16638857b58e5bef4fd18e,0.0,Puppies I found abandoned in an abandoned house.,5e2e48bb2,0.0666666666666666,3.0,3.0,0.0,0.0,0.0,0.0,0.0,0.0,0.0,0.0,0.0,1.0,0.0,0.0,0.0,0.0,1.0,0.0,4
1.0,Pet For Adoption,0.28125,1.0,2.0,1.0,1.0,1.0,3.0,1.0,0.0,0.0,5c2d2a0c54c56087b2861d96db55f906,0.0,Super adorable puppies up for adoption,43021e4ed,0.1333333333333333,3.0,3.0,0.0,0.0,1.0,1.0,1.0,0.0,0.0,0.0,1.0,0.0,0.0,0.0,0.0,0.0,1.0,0.0,4
2.0,Bolat,0.09375,1.0,1.0,2.0,2.0,2.0,1.0,1.0,0.0,0.0666666666666666,68a84215fcd4a899351c96b12d361960,0.0,love to play,82b3d7fc6,0.0666666666666666,1.0,0.0,1.0,0.0,0.0,0.0,0.0,0.0,0.0,1.0,1.0,0.0,0.0,0.0,0.0,0.0,1.0,0.0,4
1.0,GunGun (means Baby In Hindi),0.0625,2.0,1.0,2.0,1.0,1.0,2.0,1.0,0.0526315789473684,0.0,9a6b5f7018a1ce7d4854e8bbe0bf72a0,0.0,"She is a very friendly dog, She love people to sayang her soooo much. Very playfull..... and she's really take care of our house.",d6b0d8aa9,0.1666666666666666,33.0,9.0,0.0,0.0,0.0,0.0,0.0,0.0,0.0,0.0,0.0,1.0,0.0,0.0,0.0,0.0,1.0,0.0,2
